publications,gender,married,children,prestige,mentor
0,Men,Married,0,2.5199999809265137,7
0,Women,Single,0,2.049999952316284,6
0,Women,Single,0,3.75,6
0,Men,Married,1,1.1799999475479126,3
0,Women,Single,0,3.75,26
0,Women,Married,2,3.5899999141693115,2
0,Women,Single,0,3.190000057220459,3
0,Men,Married,2,2.9600000381469727,4
0,Men,Single,0,4.619999885559082,6
0,Women,Married,0,1.25,0
0,Men,Single,0,2.9600000381469727,14
0,Women,Single,0,0.7549999952316284,13
0,Women,Married,1,3.690000057220459,3
0,Women,Married,0,3.4000000953674316,4
0,Women,Married,0,1.7899999618530273,0
0,Women,Single,0,3.0899999141693115,1
0,Women,Married,0,2,7
0,Men,Married,2,4.289999961853027,13
0,Women,Single,0,3.359999895095825,7
0,Women,Single,0,4.289999961853027,9
0,Women,Married,0,2.259999990463257,6
0,Men,Married,3,2.9600000381469727,3
0,Men,Married,1,4.289999961853027,5
0,Men,Married,1,2.859999895095825,4
0,Men,Married,3,2.759999990463257,1
0,Women,Married,0,1.5199999809265137,3
0,Women,Married,1,3.5399999618530273,8
0,Men,Married,1,4.289999961853027,3
0,Women,Single,0,3.0899999141693115,0
0,Men,Married,0,2.319999933242798,3
0,Women,Single,0,2.390000104904175,0
0,Men,Married,0,4.289999961853027,8
0,Women,Single,0,1.5049999952316284,13
0,Men,Single,0,2.0999999046325684,0
0,Men,Married,1,1.5199999809265137,0
0,Women,Single,0,2,0
0,Women,Single,0,1.75,0
0,Men,Single,0,4.289999961853027,9
0,Men,Married,1,1.2200000286102295,2
0,Women,Married,0,3.75,5
0,Men,Single,0,4.289999961853027,9
0,Women,Married,1,2.859999895095825,3
0,Men,Single,0,3.9200000762939453,5
0,Women,Married,1,3.359999895095825,3
0,Men,Single,0,2.0999999046325684,6
0,Men,Married,1,1.1799999475479126,0
0,Men,Married,0,2.5,1
0,Men,Married,0,3.359999895095825,25
0,Women,Single,0,4.539999961853027,14
0,Women,Married,0,3.9200000762939453,8
0,Men,Single,0,4.539999961853027,5
0,Women,Married,2,1.9700000286102295,0
0,Men,Married,2,2.9600000381469727,12
0,Men,Married,0,4.289999961853027,8
0,Men,Married,1,2.259999990463257,2
0,Women,Single,0,2.119999885559082,11
0,Women,Single,0,3.2100000381469727,2
0,Men,Married,1,3.1500000953674316,1
0,Men,Married,1,3.9200000762939453,1
0,Men,Single,0,2.9600000381469727,0
0,Women,Single,0,2.859999895095825,6
0,Men,Married,1,2.0999999046325684,0
0,Women,Single,0,3.75,4
0,Women,Married,0,3.5399999618530273,2
0,Women,Married,0,2.5399999618530273,1
0,Men,Married,1,2.759999990463257,3
0,Men,Married,0,4.539999961853027,10
0,Men,Married,0,1.6799999475479126,6
0,Men,Married,1,2.200000047683716,0
0,Women,Single,0,1.0049999952316284,0
0,Men,Single,0,2.119999885559082,2
0,Women,Married,2,2.5799999237060547,0
0,Women,Married,0,1.7899999618530273,1
0,Men,Single,0,4.289999961853027,2
0,Women,Married,0,1.2799999713897705,4
0,Men,Married,2,2.5799999237060547,5
0,Men,Married,2,2.119999885559082,0
0,Men,Married,1,2.2100000381469727,1
0,Men,Married,1,2.259999990463257,5
0,Women,Single,0,3.2100000381469727,5
0,Women,Single,0,2.0999999046325684,2
0,Women,Married,1,3.5399999618530273,1
0,Men,Married,1,3.4000000953674316,18
0,Men,Married,0,2.2100000381469727,6
0,Men,Married,0,2.2100000381469727,19
0,Men,Married,2,0.9200000166893005,1
0,Women,Single,0,4.289999961853027,35
0,Men,Married,2,3.1500000953674316,6
0,Men,Married,0,4.289999961853027,19
0,Men,Married,1,2.509999990463257,8
0,Men,Married,1,4.289999961853027,1
0,Women,Married,0,2.759999990463257,0
0,Men,Married,0,1.4199999570846558,3
0,Men,Married,0,2.2100000381469727,19
0,Men,Single,0,4.139999866485596,5
0,Men,Married,0,1.5199999809265137,7
0,Men,Single,0,4.619999885559082,8
0,Women,Single,0,3.619999885559082,7
0,Women,Married,2,3.75,4
0,Men,Married,0,4.289999961853027,8
0,Women,Single,0,3.75,5
0,Men,Married,1,2.0999999046325684,0
0,Men,Married,2,1.399999976158142,7
0,Women,Married,0,3.190000057220459,4
0,Men,Married,2,1.809999942779541,1
0,Men,Married,1,3.1500000953674316,2
0,Women,Married,0,3.75,7
0,Women,Single,0,2.049999952316284,6
0,Men,Married,3,2.2100000381469727,3
0,Women,Married,2,3.359999895095825,2
0,Women,Married,0,3.4700000286102295,11
0,Women,Single,0,2.119999885559082,0
0,Women,Married,1,3.359999895095825,2
0,Men,Married,0,2.5399999618530273,5
0,Men,Married,2,2.1500000953674316,4
0,Men,Married,1,4.539999961853027,3
0,Men,Married,0,1.6799999475479126,4
0,Women,Married,1,2.549999952316284,0
0,Women,Single,0,2.119999885559082,11
0,Men,Married,1,3.4700000286102295,2
0,Women,Married,0,3.4700000286102295,1
0,Women,Single,0,3.359999895095825,9
0,Men,Married,1,2.119999885559082,10
0,Women,Single,0,2.0999999046325684,1
0,Women,Single,0,4.289999961853027,1
0,Men,Married,1,2.859999895095825,13
0,Women,Married,1,4.289999961853027,9
0,Men,Married,0,3.2100000381469727,2
0,Men,Single,0,2.0999999046325684,0
0,Women,Married,0,1.809999942779541,5
0,Women,Single,0,2.5199999809265137,2
0,Men,Married,1,3.359999895095825,23
0,Women,Married,0,4.539999961853027,4
0,Women,Married,1,4.289999961853027,4
0,Women,Single,0,2.119999885559082,9
0,Men,Married,2,4.619999885559082,30
0,Women,Married,1,3.5899999141693115,14
0,Women,Single,0,3.5899999141693115,4
0,Men,Married,3,2.859999895095825,1
0,Women,Single,0,1.5049999952316284,3
0,Women,Married,1,2.5,0
0,Women,Married,0,4.619999885559082,0
0,Men,Single,0,2.5,0
0,Women,Married,1,3.359999895095825,3
0,Women,Single,0,2,2
0,Women,Married,2,3.4100000858306885,5
0,Men,Married,0,2.0999999046325684,0
0,Women,Single,0,2,2
0,Men,Married,0,3.359999895095825,2
0,Men,Married,3,3.5899999141693115,7
0,Men,Single,0,2.140000104904175,2
0,Women,Married,0,3.5899999141693115,12
0,Women,Single,0,2.390000104904175,10
0,Men,Married,3,4.539999961853027,11
0,Men,Single,0,2.9600000381469727,2
0,Men,Married,1,2.2100000381469727,5
0,Men,Married,2,3.690000057220459,5
0,Women,Married,0,1.7799999713897705,1
0,Women,Single,0,2.859999895095825,11
0,Men,Married,0,2.859999895095825,8
0,Women,Married,0,2.5799999237060547,3
0,Women,Single,0,3.75,1
0,Women,Married,1,1.2200000286102295,11
0,Women,Single,0,2.0999999046325684,9
0,Women,Single,0,3.5899999141693115,18
0,Women,Single,0,3.5399999618530273,5
0,Women,Single,0,2.859999895095825,16
0,Women,Married,0,1.8600000143051147,6
0,Men,Married,0,2.9600000381469727,0
0,Women,Married,0,3.690000057220459,7
0,Women,Married,0,3.690000057220459,2
0,Women,Married,0,4.289999961853027,1
0,Women,Single,0,2.5199999809265137,1
0,Women,Single,0,1.7599999904632568,10
0,Men,Married,2,2.319999933242798,2
0,Women,Single,0,3.690000057220459,2
0,Women,Single,0,3.75,14
0,Women,Single,0,4.289999961853027,5
0,Women,Married,2,4.539999961853027,6
0,Men,Married,1,2.0999999046325684,0
0,Women,Married,1,2.5399999618530273,0
0,Men,Married,1,2.2100000381469727,19
0,Men,Single,0,4.539999961853027,8
0,Men,Married,1,2.0999999046325684,12
0,Men,Single,0,2.259999990463257,5
0,Women,Married,1,4.619999885559082,15
0,Women,Single,0,2.759999990463257,4
0,Women,Single,0,4.289999961853027,12
0,Women,Single,0,0.7549999952316284,0
0,Women,Married,0,1.8300000429153442,2
0,Women,Single,0,1.7899999618530273,0
0,Women,Married,1,4.289999961853027,6
0,Women,Single,0,2.5,0
0,Men,Married,0,2.140000104904175,1
0,Men,Married,2,3.4000000953674316,13
0,Women,Single,0,2.869999885559082,15
0,Women,Married,0,2.9600000381469727,0
0,Women,Married,2,3.190000057220459,0
0,Men,Married,1,3.690000057220459,16
0,Women,Married,2,1.2549999952316284,0
0,Men,Married,2,4.139999866485596,12
0,Men,Married,1,2.390000104904175,5
0,Men,Married,2,3.9200000762939453,2
0,Women,Single,0,2.9600000381469727,4
0,Women,Married,0,2.119999885559082,2
0,Women,Married,2,2.119999885559082,1
0,Women,Married,0,2.609999895095825,3
0,Men,Single,0,4.289999961853027,0
0,Men,Married,3,2.859999895095825,7
0,Women,Married,0,2.390000104904175,0
0,Men,Married,2,3.3399999141693115,1
0,Women,Single,0,3.619999885559082,8
0,Women,Married,1,3.5899999141693115,8
0,Men,Married,2,4.539999961853027,1
0,Women,Married,0,3.5899999141693115,1
0,Men,Single,0,4.289999961853027,9
0,Men,Married,0,1.5199999809265137,4
0,Men,Married,0,4.289999961853027,6
0,Women,Married,0,4.619999885559082,5
0,Men,Married,1,4.289999961853027,13
0,Men,Married,0,2.509999990463257,3
0,Men,Single,0,2.859999895095825,3
0,Women,Married,0,2.9600000381469727,8
0,Women,Married,0,3.690000057220459,3
0,Women,Married,0,3.4700000286102295,2
0,Men,Married,2,4.289999961853027,15
0,Men,Single,0,4.289999961853027,0
0,Women,Single,0,3.9200000762939453,1
0,Women,Married,0,2,6
0,Men,Married,0,2.319999933242798,4
0,Women,Married,1,2,9
0,Men,Married,1,1.6799999475479126,27
0,Men,Single,0,3.4700000286102295,0
0,Men,Married,0,2.200000047683716,2
0,Men,Married,1,2.119999885559082,10
0,Women,Single,0,1.399999976158142,14
0,Women,Single,0,3.359999895095825,3
0,Men,Married,2,4.289999961853027,24
0,Men,Married,1,2.0999999046325684,0
0,Men,Single,0,4.289999961853027,5
0,Women,Single,0,4.289999961853027,0
0,Women,Single,0,2.8299999237060547,1
0,Men,Married,1,2.5799999237060547,6
0,Women,Married,0,3.1500000953674316,7
0,Men,Single,0,4.289999961853027,2
0,Men,Single,0,2.9600000381469727,0
0,Men,Married,2,3.5899999141693115,5
0,Women,Single,0,2.390000104904175,15
0,Women,Single,0,1.25,2
0,Women,Single,0,2.759999990463257,1
0,Men,Married,0,3.4000000953674316,13
0,Men,Single,0,4.289999961853027,7
0,Women,Single,0,3.690000057220459,4
0,Women,Married,0,2.859999895095825,13
0,Women,Single,0,4.289999961853027,3
0,Women,Single,0,4.139999866485596,2
0,Women,Married,0,2.390000104904175,2
0,Men,Married,2,2.859999895095825,11
0,Women,Married,0,2.9600000381469727,7
0,Men,Single,0,3.5899999141693115,8
0,Men,Married,1,1.809999942779541,5
0,Men,Married,1,4.289999961853027,2
0,Men,Married,1,2.0999999046325684,0
0,Women,Single,0,3.190000057220459,0
0,Men,Married,2,4.289999961853027,2
0,Men,Married,0,4.289999961853027,2
0,Men,Married,2,3.4000000953674316,0
0,Men,Single,0,4.289999961853027,35
0,Men,Married,2,2.319999933242798,5
0,Men,Single,0,1.6799999475479126,5
0,Women,Married,0,2.5799999237060547,0
0,Men,Married,0,3.690000057220459,3
0,Men,Married,2,3.4100000858306885,7
0,Men,Married,0,2.319999933242798,0
0,Men,Married,1,3.690000057220459,8
1,Men,Married,0,2.5399999618530273,4
1,Women,Married,1,1.7599999904632568,4
1,Men,Married,1,4.289999961853027,13
1,Men,Married,3,2.0999999046325684,0
1,Women,Married,1,3.0899999141693115,12
1,Women,Single,0,3.359999895095825,6
1,Men,Married,0,2.0999999046325684,0
1,Women,Married,1,3.75,7
1,Women,Single,0,2.140000104904175,6
1,Women,Single,0,4.289999961853027,22
1,Women,Single,0,2,2
1,Men,Married,0,2,4
1,Men,Married,1,2,16
1,Men,Married,1,2.609999895095825,6
1,Men,Married,0,4.25,12
1,Men,Single,0,2.359999895095825,14
1,Women,Married,0,4.289999961853027,11
1,Men,Married,0,2.0999999046325684,2
1,Women,Married,0,2.869999885559082,5
1,Women,Married,0,3.4700000286102295,3
1,Men,Married,0,1.7799999713897705,1
1,Men,Married,0,4.139999866485596,15
1,Men,Married,3,4.289999961853027,0
1,Men,Single,0,4.289999961853027,3
1,Men,Single,0,1.809999942779541,10
1,Women,Single,0,2.319999933242798,15
1,Women,Married,0,2.609999895095825,7
1,Men,Married,0,1.6799999475479126,34
1,Women,Married,0,3.190000057220459,3
1,Men,Married,1,3.5899999141693115,5
1,Men,Married,0,2.5,0
1,Men,Single,0,3.4000000953674316,6
1,Women,Single,0,2.259999990463257,4
1,Men,Single,0,3.4000000953674316,12
1,Men,Married,1,3.9200000762939453,0
1,Men,Married,2,2.9600000381469727,0
1,Men,Single,0,4.289999961853027,15
1,Men,Married,0,4.289999961853027,11
1,Women,Married,1,3.319999933242798,24
1,Men,Single,0,1.8600000143051147,15
1,Women,Single,0,2.869999885559082,6
1,Women,Married,0,1.6399999856948853,22
1,Women,Single,0,2.25,7
1,Women,Single,0,2.0999999046325684,8
1,Women,Married,0,4.289999961853027,6
1,Men,Married,0,1.75,3
1,Men,Married,0,2.9600000381469727,8
1,Women,Single,0,2.25,4
1,Men,Married,2,4.25,20
1,Men,Married,2,2.559999942779541,22
1,Women,Single,0,3.190000057220459,11
1,Men,Married,2,3.9200000762939453,2
1,Men,Married,1,1.7799999713897705,77
1,Women,Married,0,3.4000000953674316,14
1,Men,Married,1,1.7400000095367432,4
1,Men,Single,0,4.289999961853027,6
1,Women,Single,0,2,6
1,Women,Married,0,2.869999885559082,18
1,Men,Married,0,4.289999961853027,6
1,Women,Married,0,3.190000057220459,2
1,Men,Married,1,1.2200000286102295,1
1,Women,Married,2,3.5399999618530273,17
1,Men,Married,1,4.289999961853027,1
1,Men,Married,1,4.619999885559082,3
1,Women,Single,0,2,6
1,Women,Single,0,3.5899999141693115,3
1,Women,Single,0,3.190000057220459,6
1,Men,Married,1,3.4000000953674316,2
1,Women,Married,0,1.2799999713897705,2
1,Men,Married,2,1.7400000095367432,4
1,Men,Married,1,2.259999990463257,1
1,Women,Married,0,3.5899999141693115,5
1,Men,Married,1,4.619999885559082,16
1,Women,Single,0,1.399999976158142,2
1,Women,Single,0,0.9200000166893005,4
1,Men,Married,1,2.390000104904175,3
1,Men,Married,0,2.259999990463257,1
1,Men,Married,2,2.859999895095825,7
1,Men,Married,2,2.759999990463257,8
1,Men,Married,1,1.6299999952316284,8
1,Men,Married,2,4.289999961853027,12
1,Women,Single,0,1.399999976158142,3
1,Women,Married,0,2.119999885559082,0
1,Women,Married,1,2.609999895095825,6
1,Men,Married,0,1.7999999523162842,1
1,Women,Married,0,4.289999961853027,21
1,Women,Single,0,3.690000057220459,18
1,Women,Married,0,4.619999885559082,16
1,Men,Single,0,2.1500000953674316,10
1,Men,Married,2,2.0999999046325684,0
1,Women,Married,0,2,5
1,Women,Single,0,1.2549999952316284,0
1,Men,Married,2,1.75,2
1,Women,Single,0,3.8499999046325684,2
1,Men,Single,0,4.25,4
1,Women,Single,0,3.4700000286102295,3
1,Men,Married,1,3.9200000762939453,8
1,Men,Married,2,2.509999990463257,3
1,Women,Single,0,1.399999976158142,12
1,Men,Married,1,2,11
1,Women,Single,0,2,10
1,Men,Single,0,4.289999961853027,2
1,Men,Single,0,3.359999895095825,10
1,Men,Married,0,4.619999885559082,1
1,Men,Married,1,2.559999942779541,16
1,Men,Married,0,4.619999885559082,18
1,Men,Married,0,3.5899999141693115,10
1,Men,Married,2,4.289999961853027,6
1,Women,Single,0,3.5899999141693115,8
1,Women,Single,0,4.289999961853027,6
1,Men,Married,0,3.190000057220459,3
1,Women,Married,0,3.5899999141693115,1
1,Women,Married,0,2.9600000381469727,19
1,Women,Single,0,2.5799999237060547,2
1,Men,Married,3,2.9600000381469727,6
1,Women,Married,0,4.539999961853027,13
1,Men,Married,1,4.539999961853027,10
1,Men,Married,2,2.5,4
1,Men,Married,0,1.6799999475479126,8
1,Men,Married,0,2.319999933242798,4
1,Women,Married,3,3.190000057220459,9
1,Women,Single,0,2.2100000381469727,2
1,Women,Married,0,1.25,5
1,Men,Single,0,4.139999866485596,5
1,Women,Married,0,4.619999885559082,4
1,Women,Single,0,4.539999961853027,37
1,Women,Married,0,3.1500000953674316,9
1,Men,Single,0,4.289999961853027,11
1,Women,Married,0,1.9500000476837158,3
1,Men,Single,0,2,9
1,Women,Married,0,4.539999961853027,2
1,Women,Married,2,2.5799999237060547,2
1,Women,Married,0,3.8499999046325684,29
1,Men,Married,1,3.4100000858306885,10
1,Women,Married,1,2.259999990463257,9
1,Women,Single,0,4.25,2
1,Men,Married,1,3.5899999141693115,6
1,Women,Married,1,2.119999885559082,9
1,Men,Married,0,2.9600000381469727,7
1,Women,Single,0,2.5199999809265137,0
1,Women,Single,0,2.259999990463257,4
1,Women,Single,0,4.539999961853027,9
1,Women,Married,2,2.859999895095825,7
1,Men,Married,0,4.539999961853027,2
1,Men,Married,0,3.5899999141693115,12
1,Women,Married,0,4.619999885559082,18
1,Men,Married,3,1.6699999570846558,3
1,Men,Married,2,1.75,1
1,Women,Married,1,2.8299999237060547,5
1,Men,Married,3,3.1500000953674316,11
1,Men,Married,1,3.5899999141693115,9
1,Women,Single,0,3.75,24
1,Women,Single,0,2.049999952316284,17
1,Men,Married,0,4.289999961853027,0
1,Men,Married,2,4.289999961853027,0
1,Women,Married,0,2.390000104904175,7
1,Men,Married,1,4.539999961853027,3
1,Men,Married,0,2.319999933242798,4
1,Women,Single,0,4.289999961853027,25
1,Men,Married,1,3.690000057220459,5
1,Men,Single,0,4.289999961853027,9
1,Men,Single,0,3.9200000762939453,2
1,Men,Married,0,2.759999990463257,5
1,Men,Single,0,2.759999990463257,6
1,Men,Married,2,3.619999885559082,4
1,Men,Married,1,4.289999961853027,14
1,Men,Single,0,2.869999885559082,12
1,Women,Married,1,2.390000104904175,9
1,Men,Single,0,4.289999961853027,14
1,Men,Married,0,1.7799999713897705,4
1,Men,Married,1,2.0999999046325684,8
1,Women,Married,0,2.25,3
1,Men,Married,1,2.259999990463257,5
1,Men,Married,0,1.8600000143051147,5
1,Women,Single,0,3.9200000762939453,4
1,Men,Married,0,4.340000152587891,10
1,Women,Single,0,3.359999895095825,4
1,Women,Single,0,2.509999990463257,1
1,Women,Single,0,3.75,21
1,Men,Married,1,4.539999961853027,45
1,Women,Single,0,1.6299999952316284,8
1,Women,Single,0,4.619999885559082,10
1,Men,Married,0,1.5199999809265137,2
1,Men,Married,0,2.549999952316284,11
1,Women,Married,0,1.1799999475479126,1
1,Women,Married,2,3.0899999141693115,9
1,Women,Single,0,4.619999885559082,5
1,Women,Married,0,2.319999933242798,1
1,Men,Single,0,2.049999952316284,3
1,Men,Married,0,4.289999961853027,1
1,Men,Single,0,3.4000000953674316,2
1,Men,Single,0,4.289999961853027,10
1,Men,Married,1,3.5899999141693115,2
1,Men,Single,0,3.359999895095825,5
1,Women,Single,0,2.049999952316284,13
1,Women,Married,0,3.5899999141693115,32
1,Women,Single,0,3.8499999046325684,18
1,Men,Single,0,3.359999895095825,0
1,Women,Married,0,1.75,0
1,Women,Married,0,3.4700000286102295,3
1,Men,Married,1,2.609999895095825,4
1,Men,Single,0,2.759999990463257,4
1,Men,Married,2,4.289999961853027,9
1,Women,Single,0,1.399999976158142,3
1,Women,Married,0,4.619999885559082,18
1,Men,Married,1,2.859999895095825,17
1,Men,Married,1,2.859999895095825,17
1,Men,Married,0,2.859999895095825,39
1,Men,Single,0,2,7
1,Women,Married,0,1.7599999904632568,8
1,Men,Married,0,2.5,0
1,Women,Single,0,4.289999961853027,17
1,Men,Single,0,2.559999942779541,16
1,Women,Married,1,3.5399999618530273,14
1,Women,Married,0,3.690000057220459,1
1,Men,Single,0,2.869999885559082,5
1,Women,Single,0,1.6549999713897705,0
1,Men,Married,1,4.340000152587891,4
1,Men,Married,0,3.5399999618530273,11
1,Men,Married,2,4.289999961853027,10
1,Men,Married,0,1.809999942779541,0
1,Women,Single,0,3.4000000953674316,7
1,Men,Married,1,1.809999942779541,5
1,Women,Single,0,3.190000057220459,18
1,Women,Married,1,2.319999933242798,5
1,Women,Single,0,4.539999961853027,19
1,Men,Married,1,4.289999961853027,2
1,Men,Married,1,2.859999895095825,2
1,Women,Married,1,2.859999895095825,2
1,Men,Married,1,1.2200000286102295,0
1,Men,Married,0,2.0999999046325684,0
1,Men,Married,1,1.6799999475479126,12
1,Women,Single,0,3.359999895095825,34
1,Women,Married,0,2.869999885559082,15
1,Men,Married,1,3.4700000286102295,1
1,Men,Single,0,2.759999990463257,7
1,Men,Married,1,3.5399999618530273,21
1,Women,Married,0,1.9500000476837158,11
1,Men,Married,1,3.5899999141693115,19
1,Women,Single,0,3.190000057220459,3
1,Women,Single,0,2.759999990463257,2
1,Women,Married,2,4.289999961853027,13
1,Men,Married,2,3.190000057220459,5
1,Men,Married,0,2.9600000381469727,0
1,Men,Married,1,2.759999990463257,7
1,Women,Married,0,1.809999942779541,11
2,Men,Married,0,3.359999895095825,4
2,Men,Single,0,3.0899999141693115,14
2,Women,Single,0,3.75,8
2,Women,Married,0,4.539999961853027,10
2,Women,Single,0,1.6299999952316284,6
2,Women,Married,0,3.0899999141693115,2
2,Women,Single,0,3.690000057220459,4
2,Women,Single,0,2.119999885559082,2
2,Women,Single,0,2.259999990463257,3
2,Men,Married,1,4.289999961853027,2
2,Women,Married,1,1.7400000095367432,4
2,Men,Married,2,2.9600000381469727,8
2,Women,Single,0,2.5799999237060547,5
2,Men,Married,1,4.539999961853027,10
2,Women,Single,0,4.619999885559082,12
2,Men,Married,1,4.289999961853027,13
2,Women,Single,0,4.539999961853027,13
2,Women,Married,0,3.5899999141693115,0
2,Women,Single,0,4.289999961853027,5
2,Men,Single,0,3.690000057220459,26
2,Women,Single,0,3.2100000381469727,0
2,Women,Married,1,3.4700000286102295,11
2,Men,Single,0,4.539999961853027,37
2,Men,Married,0,1.9500000476837158,4
2,Men,Married,2,2.9600000381469727,46
2,Men,Married,1,4.539999961853027,53
2,Men,Married,0,3.4000000953674316,9
2,Men,Married,0,2.0999999046325684,4
2,Men,Married,2,4.289999961853027,8
2,Women,Single,0,3.75,5
2,Women,Single,0,2.049999952316284,2
2,Men,Married,1,2.5,2
2,Women,Married,1,4.619999885559082,17
2,Women,Married,0,1.7999999523162842,10
2,Women,Single,0,3.0899999141693115,0
2,Men,Single,0,4.289999961853027,10
2,Men,Married,2,1.7999999523162842,6
2,Women,Married,0,3.5899999141693115,5
2,Men,Married,0,2.759999990463257,3
2,Men,Married,0,4.139999866485596,16
2,Men,Single,0,3.5899999141693115,3
2,Women,Single,0,4.539999961853027,12
2,Women,Married,0,0.9200000166893005,0
2,Women,Single,0,4.289999961853027,15
2,Men,Married,1,2.390000104904175,4
2,Men,Married,0,1.1799999475479126,0
2,Men,Married,2,4.539999961853027,2
2,Women,Married,2,3.8499999046325684,47
2,Men,Married,2,2.9600000381469727,21
2,Women,Married,0,3.359999895095825,8
2,Women,Married,0,3.190000057220459,5
2,Women,Married,1,3.690000057220459,15
2,Men,Married,0,1.6299999952316284,8
2,Men,Married,0,1.7200000286102295,1
2,Women,Married,0,2.5799999237060547,5
2,Men,Married,0,1.5199999809265137,5
2,Men,Single,0,2.859999895095825,4
2,Women,Married,2,1.2200000286102295,4
2,Women,Single,0,2.5399999618530273,4
2,Women,Single,0,3.359999895095825,4
2,Men,Married,2,2.869999885559082,20
2,Men,Married,1,3.1500000953674316,7
2,Women,Single,0,4.619999885559082,14
2,Men,Married,1,1.7599999904632568,7
2,Men,Married,1,1.5199999809265137,3
2,Men,Single,0,4.289999961853027,5
2,Men,Married,2,4.289999961853027,10
2,Men,Married,1,2.559999942779541,5
2,Men,Single,0,4.539999961853027,29
2,Women,Married,0,1.8600000143051147,5
2,Women,Single,0,4.289999961853027,1
2,Women,Married,0,3.9200000762939453,7
2,Men,Single,0,2.259999990463257,2
2,Men,Married,1,4.289999961853027,14
2,Women,Married,1,3.690000057220459,10
2,Men,Married,2,1.9700000286102295,0
2,Men,Married,1,3.190000057220459,10
2,Women,Single,0,4.539999961853027,5
2,Men,Single,0,4.289999961853027,25
2,Men,Married,0,2.8299999237060547,1
2,Men,Married,3,4.340000152587891,7
2,Women,Single,0,3.359999895095825,3
2,Women,Single,0,3.4100000858306885,14
2,Women,Single,0,2.859999895095825,3
2,Men,Married,0,4.289999961853027,24
2,Men,Married,1,2.759999990463257,8
2,Women,Married,0,3.75,0
2,Men,Married,1,4.289999961853027,12
2,Men,Married,2,2.2100000381469727,12
2,Men,Married,0,3.5399999618530273,21
2,Men,Married,0,2.9600000381469727,2
2,Women,Married,0,2.119999885559082,2
2,Men,Single,0,2.390000104904175,4
2,Women,Single,0,3.190000057220459,5
2,Women,Single,0,1.9700000286102295,8
2,Women,Married,0,4.539999961853027,9
2,Women,Single,0,2.549999952316284,36
2,Men,Married,0,1.7599999904632568,0
2,Men,Married,2,4.340000152587891,17
2,Women,Married,0,2.5199999809265137,16
2,Men,Married,1,2.559999942779541,7
2,Men,Single,0,4.539999961853027,10
2,Women,Married,0,1.399999976158142,0
2,Men,Married,2,3.319999933242798,27
2,Men,Married,0,2.509999990463257,5
2,Women,Married,2,2.5799999237060547,3
2,Men,Married,2,3.5399999618530273,16
2,Men,Married,0,4.539999961853027,11
2,Men,Single,0,4.289999961853027,17
2,Men,Married,0,4.340000152587891,5
2,Women,Married,1,3.4700000286102295,4
2,Women,Single,0,3.4700000286102295,5
2,Men,Married,2,2.5,5
2,Men,Married,3,2,8
2,Men,Single,0,3.9200000762939453,10
2,Women,Married,0,4.619999885559082,23
2,Women,Single,0,3.0899999141693115,6
2,Women,Single,0,2.319999933242798,4
2,Women,Single,0,4.289999961853027,21
2,Women,Single,0,3.359999895095825,7
2,Men,Married,0,3.690000057220459,5
2,Men,Married,0,4.289999961853027,17
2,Women,Single,0,3.5899999141693115,11
2,Men,Married,0,4.289999961853027,13
2,Women,Married,1,3.2100000381469727,7
2,Women,Single,0,2.259999990463257,8
2,Men,Married,0,2.5,0
2,Men,Single,0,2.259999990463257,3
2,Women,Married,0,3.75,4
2,Women,Single,0,4.289999961853027,4
2,Men,Married,0,3.190000057220459,11
2,Women,Married,1,2,7
2,Women,Married,0,3.0899999141693115,1
2,Women,Married,1,3.5899999141693115,2
2,Women,Married,0,4.340000152587891,11
2,Women,Single,0,2.869999885559082,9
2,Men,Married,0,2.0999999046325684,2
2,Women,Single,0,2.8299999237060547,26
2,Men,Married,1,2.0999999046325684,3
2,Men,Married,1,1.7799999713897705,1
2,Men,Married,0,2.509999990463257,0
2,Men,Married,1,2.5199999809265137,10
2,Women,Married,1,3.4000000953674316,4
2,Women,Married,1,3.0899999141693115,3
2,Men,Married,0,4.289999961853027,13
2,Women,Married,0,2.9600000381469727,8
2,Women,Married,2,3.5899999141693115,11
2,Men,Single,0,4.539999961853027,55
2,Women,Married,0,3.5899999141693115,11
2,Men,Married,1,3.4200000762939453,3
2,Women,Married,1,4.289999961853027,4
2,Women,Single,0,3.190000057220459,4
2,Women,Married,1,4.289999961853027,11
2,Men,Married,0,4.619999885559082,3
2,Men,Married,2,1.8600000143051147,6
2,Men,Married,0,4.619999885559082,8
2,Women,Married,2,4.539999961853027,48
2,Women,Married,0,3.75,8
2,Men,Married,0,1.7599999904632568,0
2,Women,Married,0,3.4100000858306885,31
2,Men,Married,0,2.549999952316284,24
2,Men,Married,1,1.25,2
2,Women,Married,0,1.4800000190734863,9
2,Women,Married,0,2.8299999237060547,3
2,Women,Married,0,4.289999961853027,6
2,Women,Single,0,3.190000057220459,10
2,Women,Single,0,1.399999976158142,0
2,Women,Married,2,3.2100000381469727,2
2,Men,Single,0,4.619999885559082,9
2,Women,Married,0,1.4500000476837158,7
2,Women,Married,1,3.3399999141693115,4
2,Women,Single,0,4.539999961853027,23
2,Men,Married,2,4.289999961853027,30
2,Women,Single,0,3.690000057220459,7
2,Women,Single,0,2.5799999237060547,2
2,Women,Married,1,4.539999961853027,7
2,Men,Married,1,4.539999961853027,6
2,Men,Single,0,4.289999961853027,9
3,Women,Single,0,4.289999961853027,12
3,Women,Single,0,3.75,0
3,Men,Single,0,4.619999885559082,8
3,Men,Married,2,4.539999961853027,31
3,Men,Married,0,3.0899999141693115,5
3,Men,Married,1,1.9500000476837158,14
3,Women,Married,1,3.5899999141693115,3
3,Men,Married,1,2.609999895095825,5
3,Men,Single,0,2.869999885559082,12
3,Men,Single,0,4.289999961853027,30
3,Women,Married,0,3.4100000858306885,19
3,Women,Married,1,2.319999933242798,5
3,Women,Married,0,2.119999885559082,3
3,Men,Married,0,4.539999961853027,37
3,Men,Married,0,2.9600000381469727,8
3,Men,Single,0,2.869999885559082,12
3,Men,Married,0,2.319999933242798,4
3,Men,Married,2,1.7999999523162842,6
3,Women,Single,0,2.390000104904175,11
3,Women,Married,1,4.619999885559082,14
3,Women,Single,0,4.289999961853027,10
3,Men,Married,0,4.539999961853027,5
3,Men,Single,0,3.5899999141693115,16
3,Men,Married,2,4.289999961853027,0
3,Men,Married,1,2.9600000381469727,5
3,Men,Married,2,4.289999961853027,25
3,Men,Married,1,4.289999961853027,18
3,Men,Married,1,2.5399999618530273,6
3,Men,Single,0,3.9200000762939453,0
3,Men,Single,0,2.319999933242798,8
3,Women,Single,0,4.619999885559082,22
3,Women,Married,0,3.75,6
3,Men,Married,2,1.9500000476837158,3
3,Men,Married,1,1.7999999523162842,4
3,Men,Married,0,2.759999990463257,8
3,Men,Single,0,3.5899999141693115,7
3,Men,Married,0,4.25,20
3,Men,Married,2,2.8299999237060547,7
3,Women,Single,0,2.5199999809265137,4
3,Women,Married,0,1.1799999475479126,0
3,Women,Married,0,3.359999895095825,11
3,Women,Married,0,4.289999961853027,21
3,Women,Married,1,4.619999885559082,49
3,Men,Single,0,2.8299999237060547,8
3,Men,Married,0,3.690000057220459,24
3,Men,Married,0,2.259999990463257,12
3,Women,Single,0,2.049999952316284,5
3,Men,Married,1,4.289999961853027,19
3,Men,Married,0,1.4199999570846558,3
3,Women,Married,2,1.8899999856948853,16
3,Men,Married,0,3.690000057220459,26
3,Women,Married,0,2.9600000381469727,22
3,Women,Married,1,1.8600000143051147,1
3,Women,Married,0,2.259999990463257,6
3,Men,Married,0,4.289999961853027,15
3,Women,Married,0,3.1500000953674316,4
3,Men,Married,0,2.609999895095825,0
3,Women,Single,0,4.539999961853027,3
3,Men,Married,1,2.2100000381469727,10
3,Men,Married,0,1.7799999713897705,0
3,Men,Married,1,3.619999885559082,5
3,Men,Married,0,3.9200000762939453,0
3,Women,Married,0,4.619999885559082,10
3,Men,Married,0,2.609999895095825,5
3,Women,Married,1,3.359999895095825,3
3,Women,Married,0,3.690000057220459,12
3,Men,Married,0,3.4700000286102295,14
3,Men,Married,0,1.25,4
3,Men,Married,0,4.619999885559082,18
3,Men,Married,1,3.5899999141693115,14
3,Women,Single,0,3.359999895095825,2
3,Men,Married,0,4.289999961853027,38
3,Men,Single,0,3.5399999618530273,12
3,Men,Married,2,2.5799999237060547,2
3,Men,Single,0,1.5199999809265137,3
3,Men,Married,0,3.4700000286102295,8
3,Women,Married,0,4.619999885559082,14
3,Men,Single,0,3.5399999618530273,25
3,Men,Married,2,2.0999999046325684,4
3,Men,Married,2,1.3799999952316284,8
3,Men,Married,1,3.0899999141693115,5
3,Men,Married,3,2.859999895095825,3
3,Women,Single,0,4.289999961853027,5
3,Women,Married,1,1.2200000286102295,3
4,Men,Married,0,2.8299999237060547,5
4,Women,Married,0,4.539999961853027,16
4,Men,Married,0,4.289999961853027,22
4,Men,Single,0,4.289999961853027,7
4,Men,Married,0,3.5399999618530273,9
4,Men,Single,0,2.5199999809265137,6
4,Women,Single,0,1.399999976158142,3
4,Women,Married,0,4.340000152587891,6
4,Women,Married,1,2.509999990463257,2
4,Men,Married,0,4.289999961853027,2
4,Men,Married,1,2.9600000381469727,0
4,Men,Single,0,3.8499999046325684,47
4,Men,Single,0,4.539999961853027,5
4,Women,Married,0,3.4000000953674316,5
4,Men,Single,0,3.4100000858306885,21
4,Men,Married,1,2.9600000381469727,57
4,Women,Married,0,3.5399999618530273,5
4,Men,Married,2,1.7200000286102295,2
4,Men,Married,2,2.859999895095825,15
4,Men,Married,2,4.539999961853027,66
4,Men,Married,1,1.7599999904632568,11
4,Men,Married,2,1.8600000143051147,15
4,Men,Married,0,3.4700000286102295,4
4,Men,Single,0,3.4100000858306885,7
4,Men,Married,0,1.809999942779541,10
4,Men,Married,2,2.049999952316284,13
4,Men,Single,0,4.619999885559082,18
4,Women,Married,0,2.259999990463257,3
4,Men,Married,1,1.8600000143051147,47
4,Women,Married,1,4.289999961853027,4
4,Men,Married,2,3.5399999618530273,2
4,Men,Married,0,4.289999961853027,30
4,Men,Married,0,2.5399999618530273,11
4,Women,Married,0,4.25,13
4,Women,Single,0,2.5,10
4,Women,Married,1,3.5399999618530273,12
4,Women,Married,0,3.190000057220459,8
4,Men,Married,2,4.539999961853027,21
4,Women,Single,0,2.859999895095825,39
4,Women,Married,0,2.5799999237060547,14
4,Women,Married,0,1.2799999713897705,4
4,Women,Married,0,3.2100000381469727,14
4,Women,Single,0,2.869999885559082,6
4,Women,Single,0,3.3399999141693115,11
4,Women,Single,0,3.1500000953674316,8
4,Women,Single,0,2.319999933242798,8
4,Men,Single,0,4.289999961853027,19
4,Men,Single,0,3.690000057220459,7
4,Men,Married,1,2.549999952316284,21
4,Women,Single,0,4.619999885559082,3
4,Women,Married,0,2.359999895095825,5
4,Men,Married,1,4.25,29
4,Men,Married,1,4.289999961853027,5
4,Women,Married,0,3.190000057220459,7
4,Women,Single,0,3.190000057220459,3
4,Women,Single,0,2.559999942779541,23
4,Men,Married,0,1.7599999904632568,7
4,Men,Married,1,2.5799999237060547,25
4,Women,Married,0,3.4100000858306885,4
4,Women,Single,0,3.5899999141693115,9
4,Women,Married,0,1.7799999713897705,4
4,Women,Single,0,3.75,3
4,Men,Married,2,3.690000057220459,16
4,Men,Married,0,3.619999885559082,5
4,Men,Married,0,1.5049999952316284,4
4,Men,Married,2,2.5799999237060547,6
4,Men,Single,0,2.869999885559082,15
5,Women,Married,0,2.259999990463257,16
5,Women,Single,0,3.75,13
5,Men,Married,2,3.8499999046325684,15
5,Men,Married,1,3.1500000953674316,5
5,Men,Married,1,3.1500000953674316,27
5,Men,Married,0,4.340000152587891,6
5,Men,Married,0,4.25,12
5,Men,Single,0,3.359999895095825,11
5,Women,Single,0,3.5899999141693115,14
5,Men,Married,1,2.5799999237060547,25
5,Men,Married,1,3.5899999141693115,21
5,Men,Married,1,2.9600000381469727,4
5,Men,Married,0,4.539999961853027,13
5,Men,Married,0,4.289999961853027,30
5,Women,Single,0,2.869999885559082,12
5,Women,Married,0,4.539999961853027,15
5,Women,Married,1,3.8499999046325684,1
5,Men,Married,0,2.5,4
5,Men,Married,1,3.4700000286102295,0
5,Women,Married,0,2.859999895095825,24
5,Women,Married,0,4.619999885559082,0
5,Men,Married,1,4.539999961853027,53
5,Men,Married,0,1.25,2
5,Women,Married,0,3.2100000381469727,19
5,Men,Married,1,1.7599999904632568,11
5,Women,Single,0,2.5799999237060547,6
5,Women,Single,0,3.619999885559082,3
6,Men,Married,1,4.619999885559082,8
6,Women,Married,0,2.0999999046325684,36
6,Women,Married,2,1.8600000143051147,38
6,Men,Married,0,4.340000152587891,9
6,Women,Married,0,4.289999961853027,24
6,Men,Married,2,2.509999990463257,11
6,Men,Married,1,2.9600000381469727,13
6,Men,Single,0,4.289999961853027,18
6,Men,Single,0,3.4000000953674316,14
6,Women,Single,0,4.539999961853027,12
6,Men,Married,1,3.8499999046325684,16
6,Women,Single,0,3.1500000953674316,9
6,Women,Single,0,4.539999961853027,15
6,Men,Single,0,3.4700000286102295,6
6,Women,Married,0,4.289999961853027,1
6,Men,Single,0,1.9700000286102295,4
6,Women,Single,0,3.319999933242798,6
7,Men,Married,0,3.5899999141693115,1
7,Men,Single,0,2.5399999618530273,6
7,Men,Single,0,3.4100000858306885,20
7,Men,Married,1,1.9700000286102295,0
7,Women,Single,0,3.1500000953674316,9
7,Men,Single,0,4.619999885559082,15
7,Men,Single,0,4.539999961853027,42
7,Men,Married,0,3.690000057220459,9
7,Men,Single,0,4.340000152587891,19
7,Men,Single,0,4.289999961853027,19
7,Men,Married,1,3.5899999141693115,27
7,Men,Single,0,3.690000057220459,19
8,Men,Married,0,2.509999990463257,11
9,Men,Married,1,2.9600000381469727,23
9,Men,Married,1,1.8600000143051147,47
10,Women,Married,0,3.5899999141693115,18
11,Men,Married,2,2.859999895095825,7
12,Men,Married,1,4.289999961853027,35
12,Men,Married,1,1.8600000143051147,5
16,Men,Married,0,1.7400000095367432,21
19,Men,Married,0,1.8600000143051147,42
